{
  "S_functional": 0.31670854097500534,
  "S_architecture": -0.09279453630605383,
  "perm_p": 0.02857142857142857,
  "PC_delta": {
    "Au": 0.25775821166993734,
    "Pt": 0.15426398511320788,
    "Ag": -0.02021657903502394
  },
  "rank1_share": {
    "Al": 0.7845268068271078,
    "Cu": 0.6777169871165107,
    "Ni": 0.7253068220444786,
    "Ag": 0.8381404635290487,
    "Au": 0.8788939223728699,
    "Pt": 0.9405494378668798,
    "Pd": 0.7801872870502256,
    "Pb": 0.5636969645828289,
    "Fe": 0.7632318680062002,
    "Cr": 0.9322568692707968,
    "Mo": 0.7912865525545252,
    "W": 0.7778748331154962,
    "V": 0.8187365202703052,
    "Nb": 0.8512591200095946,
    "Ta": 0.916435112598522
  },
  "fcc_elements": [
    "Ag",
    "Al",
    "Au",
    "Cu",
    "Ni",
    "Pb",
    "Pd",
    "Pt"
  ]
}