{
  "classical": {
    "layer": "classical",
    "n_potentials": 42,
    "pr_median": 1.086335022674969,
    "pr_min": 1.0000297697854856,
    "pr_max": 2.2892973414522007
  },
  "foundation_mlips": {
    "layer": "foundation_mlips",
    "n_elements": 15,
    "pr_median_all": 1.5923593095089608,
    "pr_min_all": 1.1426701456345285,
    "pr_max_all": 1.9096062648846361,
    "rank1_median_all": 0.7735698811207794,
    "fcc_pr_median": 1.5420021245545188,
    "fcc_pr_min": 1.1426701456345285,
    "fcc_pr_max": 1.9096062648846361,
    "fcc_rank1_median": 0.7783206179333626,
    "per_element": {
      "Ag": {
        "n": 11,
        "pr": 1.9096062648846361,
        "rank1_share": 0.6120656764362201
      },
      "Al": {
        "n": 10,
        "pr": 1.3107526614289895,
        "rank1_share": 0.8661386137769543
      },
      "Au": {
        "n": 11,
        "pr": 1.1426701456345285,
        "rank1_share": 0.9333024723888285
      },
      "Cr": {
        "n": 10,
        "pr": 1.5015583317394774,
        "rank1_share": 0.8023747902500452
      },
      "Cu": {
        "n": 11,
        "pr": 1.686312308092604,
        "rank1_share": 0.7265619253313392
      },
      "Fe": {
        "n": 9,
        "pr": 1.3077965062231258,
        "rank1_share": 0.8692196581557035
      },
      "Mo": {
        "n": 11,
        "pr": 1.7445023064764318,
        "rank1_share": 0.7173396682928053
      },
      "Nb": {
        "n": 10,
        "pr": 1.436263629298097,
        "rank1_share": 0.8246686776094214
      },
      "Ni": {
        "n": 11,
        "pr": 1.4916449396000766,
        "rank1_share": 0.795800513173187
      },
      "Pb": {
        "n": 9,
        "pr": 1.7482217610050688,
        "rank1_share": 0.7154983552533882
      },
      "Pd": {
        "n": 11,
        "pr": 1.5923593095089608,
        "rank1_share": 0.7608407226935383
      },
      "Pt": {
        "n": 10,
        "pr": 1.4131850405749955,
        "rank1_share": 0.8296216156265364
      },
      "Ta": {
        "n": 11,
        "pr": 1.7547053311972545,
        "rank1_share": 0.7279510066689462
      },
      "V": {
        "n": 8,
        "pr": 1.5926333734699076,
        "rank1_share": 0.7735698811207794
      },
      "W": {
        "n": 11,
        "pr": 1.7244190746251047,
        "rank1_share": 0.7232586497428014
      }
    }
  },
  "dft_acwf": {
    "layer": "dft_acwf",
    "n_systems": 233,
    "pr_median": 1.0463729920368472,
    "pr_min": 1.0000067765010547,
    "pr_max": 2.0716403979867897,
    "rank1_median": 0.9773301488310749
  }
}