# Temperature(K), Diffusion_coefficient
300, 3.29760485e-9
400, 9.73047323e-8
500, 7.41472710e-7
600, 2.87123878e-6
700, 7.55180625e-6
800, 1.55968532e-5
900, 2.74173963e-5
1000, 4.30544048e-5
