{
  "rho": 0.38652574665712314,
  "rho_ci_lower": 0.34861447191995965,
  "rho_ci_upper": 0.4181408552398601,
  "r2": 0.9806869497939276,
  "mk_tau": -1.0,
  "mk_pvalue": 2.294149119545945e-11,
  "passes_threshold": false,
  "n_points": 14,
  "threshold": 1.5
}