{
  "metadata": {
    "n_reference": 50,
    "n_test": 40,
    "delta_e_threshold": 8.403346152276672,
    "device": "cuda"
  },
  "roc": {
    "layer_0": {
      "thresholds": [
        1.1039243936538696,
        1.317701748439244,
        1.5314791032246182,
        1.7452564580099923,
        1.9590338127953666,
        2.1728111675807407,
        2.386588522366115,
        2.6003658771514893,
        2.8141432319368636,
        3.027920586722238,
        3.241697941507612,
        3.4554752962929864,
        3.6692526510783603,
        3.8830300058637346,
        4.096807360649109,
        4.310584715434484,
        4.5243620702198575,
        4.738139425005231,
        4.951916779790606,
        5.16569413457598,
        5.379471489361355,
        5.5932488441467285,
        5.807026198932103,
        6.020803553717477,
        6.234580908502851,
        6.448358263288226,
        6.6621356180735996,
        6.875912972858974,
        7.089690327644348,
        7.303467682429723,
        7.517245037215097,
        7.7310223920004715,
        7.944799746785845,
        8.158577101571218,
        8.372354456356593,
        8.586131811141968,
        8.799909165927343,
        9.013686520712717,
        9.22746387549809,
        9.441241230283465,
        9.65501858506884,
        9.868795939854213,
        10.082573294639587,
        10.296350649424962,
        10.510128004210337,
        10.72390535899571,
        10.937682713781085,
        11.15146006856646,
        11.365237423351832,
        11.579014778137207
      ],
      "tpr": [
        1.0,
        1.0,
        1.0,
        1.0,
        0.9,
        0.8,
        0.7,
        0.3,
        0.2,
        0.2,
        0.2,
        0.1,
        0.1,
        0.1,
        0.1,
        0.1,
        0.1,
        0.1,
        0.1,
        0.1,
        0.1,
        0.1,
        0.1,
        0.1,
        0.1,
        0.1,
        0.1,
        0.1,
        0.1,
        0.0,
        0.0,
        0.0,
        0.0,
        0.0,
        0.0,
        0.0,
        0.0,
        0.0,
        0.0,
        0.0,
        0.0,
        0.0,
        0.0,
        0.0,
        0.0,
        0.0,
        0.0,
        0.0,
        0.0,
        0.0
      ],
      "fpr": [
        0.9666666666666667,
        0.9333333333333333,
        0.9333333333333333,
        0.9,
        0.8666666666666667,
        0.8333333333333334,
        0.7333333333333333,
        0.5333333333333333,
        0.4,
        0.36666666666666664,
        0.36666666666666664,
        0.3,
        0.2,
        0.2,
        0.2,
        0.16666666666666666,
        0.16666666666666666,
        0.13333333333333333,
        0.13333333333333333,
        0.1,
        0.1,
        0.1,
        0.1,
        0.06666666666666667,
        0.06666666666666667,
        0.06666666666666667,
        0.06666666666666667,
        0.06666666666666667,
        0.06666666666666667,
        0.03333333333333333,
        0.03333333333333333,
        0.03333333333333333,
        0.03333333333333333,
        0.03333333333333333,
        0.03333333333333333,
        0.03333333333333333,
        0.03333333333333333,
        0.03333333333333333,
        0.03333333333333333,
        0.03333333333333333,
        0.03333333333333333,
        0.03333333333333333,
        0.03333333333333333,
        0.03333333333333333,
        0.03333333333333333,
        0.03333333333333333,
        0.03333333333333333,
        0.03333333333333333,
        0.03333333333333333,
        0.0
      ]
    },
    "layer_1": {
      "thresholds": [
        0.3473503589630127,
        0.4514924750036123,
        0.5556345910442119,
        0.6597767070848115,
        0.763918823125411,
        0.8680609391660106,
        0.9722030552066102,
        1.0763451712472099,
        1.1804872872878094,
        1.284629403328409,
        1.3887715193690084,
        1.4929136354096082,
        1.5970557514502077,
        1.7011978674908073,
        1.805339983531407,
        1.9094820995720065,
        2.013624215612606,
        2.117766331653206,
        2.221908447693805,
        2.326050563734405,
        2.430192679775004,
        2.534334795815604,
        2.6384769118562037,
        2.742619027896803,
        2.8467611439374028,
        2.9509032599780025,
        3.055045376018602,
        3.1591874920592016,
        3.2633296080998013,
        3.3674717241404006,
        3.4716138401810004,
        3.5757559562215997,
        3.6798980722621994,
        3.784040188302799,
        3.8881823043433985,
        3.9923244203839983,
        4.096466536424598,
        4.200608652465197,
        4.304750768505797,
        4.408892884546397,
        4.513035000586996,
        4.6171771166275954,
        4.721319232668195,
        4.825461348708795,
        4.929603464749395,
        5.0337455807899945,
        5.137887696830593,
        5.242029812871193,
        5.346171928911793,
        5.450314044952393
      ],
      "tpr": [
        1.0,
        1.0,
        0.7,
        0.6,
        0.3,
        0.2,
        0.2,
        0.2,
        0.2,
        0.2,
        0.2,
        0.1,
        0.1,
        0.1,
        0.1,
        0.1,
        0.1,
        0.1,
        0.1,
        0.1,
        0.1,
        0.0,
        0.0,
        0.0,
        0.0,
        0.0,
        0.0,
        0.0,
        0.0,
        0.0,
        0.0,
        0.0,
        0.0,
        0.0,
        0.0,
        0.0,
        0.0,
        0.0,
        0.0,
        0.0,
        0.0,
        0.0,
        0.0,
        0.0,
        0.0,
        0.0,
        0.0,
        0.0,
        0.0,
        0.0
      ],
      "fpr": [
        0.9666666666666667,
        0.9333333333333333,
        0.7,
        0.5666666666666667,
        0.43333333333333335,
        0.3,
        0.26666666666666666,
        0.2,
        0.16666666666666666,
        0.16666666666666666,
        0.16666666666666666,
        0.16666666666666666,
        0.16666666666666666,
        0.16666666666666666,
        0.16666666666666666,
        0.16666666666666666,
        0.13333333333333333,
        0.1,
        0.06666666666666667,
        0.06666666666666667,
        0.06666666666666667,
        0.06666666666666667,
        0.03333333333333333,
        0.03333333333333333,
        0.03333333333333333,
        0.03333333333333333,
        0.03333333333333333,
        0.03333333333333333,
        0.03333333333333333,
        0.03333333333333333,
        0.03333333333333333,
        0.03333333333333333,
        0.03333333333333333,
        0.03333333333333333,
        0.03333333333333333,
        0.03333333333333333,
        0.03333333333333333,
        0.03333333333333333,
        0.03333333333333333,
        0.03333333333333333,
        0.03333333333333333,
        0.03333333333333333,
        0.03333333333333333,
        0.03333333333333333,
        0.03333333333333333,
        0.03333333333333333,
        0.03333333333333333,
        0.03333333333333333,
        0.03333333333333333,
        0.0
      ]
    },