{
  "mace_mp_0_gpa": {
    "C11": 262.9419728759913,
    "C12": 166.55687882657196,
    "C44": 92.43507698227654
  },
  "reference_gpa": {
    "C11": 246.5,
    "C12": 147.3,
    "C44": 124.7
  }
}