{
  "P_D1": {
    "median_cos": 0.4587676559893599,
    "n_systems": 125,
    "pass": false
  },
  "P_D2": {
    "S_table": 0.5262543497879377,
    "S_code": 0.2651544258295489,
    "sep": 0.2610999239583888,
    "perm_p": 0.0172,
    "pass": true,
    "refutation_triggered": false
  },
  "P_D3": {
    "spearman": -0.27984661158809354,
    "p": 1.1801741758691453e-06,
    "n": 292,
    "pass": false
  },
  "pair_means": {
    "abinit_pd04|qe_pd04": 0.7624297447711396,
    "abinit_pd04|castep_pd04": 0.7703455925859644,
    "abinit_pd04|abacus_pd04": 0.828427600264681,
    "abinit_pd04|siesta_pd04": 0.14946082203011937,
    "abinit_pd04|abinit_pd05": 0.9727873904349194,
    "abinit_pd04|dftk_pd05": 0.7454347334440716,
    "abinit_pd04|vasp_paw": 0.26306850455452047,
    "abinit_pd04|gpaw_paw": 0.14912520435618934,
    "abinit_pd04|abinit_jth": 0.2100719430441528,
    "abinit_pd04|qe_sssp": 0.39001952172998927,
    "abinit_pd04|castep_c19": 0.3201646295417098,
    "qe_pd04|castep_pd04": 0.7334842346144107,
    "qe_pd04|abacus_pd04": 0.873432597395772,
    "qe_pd04|siesta_pd04": 0.0662551187465373,
    "qe_pd04|abinit_pd05": 0.7251728206828779,
    "qe_pd04|dftk_pd05": 0.787180877874013,
    "qe_pd04|vasp_paw": 0.2606971623612073,
    "qe_pd04|gpaw_paw": 0.1533955664924171,
    "qe_pd04|abinit_jth": 0.11856396313251863,
    "qe_pd04|qe_sssp": 0.31070786521604116,
    "qe_pd04|castep_c19": 0.3372224044216775,
    "castep_pd04|abacus_pd04": 0.6969889458459809,
    "castep_pd04|siesta_pd04": 0.01626639387871136,
    "castep_pd04|abinit_pd05": 0.7379981690048893,
    "castep_pd04|dftk_pd05": 0.6546866770180761,
    "castep_pd04|vasp_paw": 0.23150029343035392,
    "castep_pd04|gpaw_paw": 0.14733758468077618,
    "castep_pd04|abinit_jth": 0.10888739185046538,
    "castep_pd04|qe_sssp": 0.2840932919871444,
    "castep_pd04|castep_c19": 0.34710443221478654,
    "abacus_pd04|siesta_pd04": 0.14314247395389193,
    "abacus_pd04|abinit_pd05": 0.7901521950764946,
    "abacus_pd04|dftk_pd05": 0.6236677231481647,
    "abacus_pd04|vasp_paw": 0.17566376854181895,
    "abacus_pd04|gpaw_paw": 0.11068580602790182,
    "abacus_pd04|abinit_jth": 0.0751669098434244,
    "abacus_pd04|qe_sssp": 0.2782986014827284,
    "abacus_pd04|castep_c19": 0.26136924840773873,
    "siesta_pd04|abinit_pd05": 0.13570395879968086,
    "siesta_pd04|dftk_pd05": -0.060517003159873316,
    "siesta_pd04|vasp_paw": -0.026172335472721908,
    "siesta_pd04|gpaw_paw": -0.03105717055842103,
    "siesta_pd04|abinit_jth": 0.007682277136051703,
    "siesta_pd04|qe_sssp": -0.04753149281274613,
    "siesta_pd04|castep_c19": 0.0013828534308174467,
    "abinit_pd05|dftk_pd05": 0.7485643235801058,
    "abinit_pd05|vasp_paw": 0.27494573088447843,
    "abinit_pd05|gpaw_paw": 0.1295858611143638,
    "abinit_pd05|abinit_jth": 0.1927334628432152,
    "abinit_pd05|qe_sssp": 0.33124808113883547,
    "abinit_pd05|castep_c19": 0.2826950582683767,
    "dftk_pd05|vasp_paw": 0.3107596912094878,
    "dftk_pd05|gpaw_paw": 0.09872900952074412,
    "dftk_pd05|abinit_jth": 0.15231645734089022,
    "dftk_pd05|qe_sssp": 0.29235424172054647,
    "dftk_pd05|castep_c19": 0.2470923356628065,
    "vasp_paw|gpaw_paw": 0.20269520981204334,
    "vasp_paw|abinit_jth": 0.23509377126240436,
    "vasp_paw|qe_sssp": 0.3235492992509385,
    "vasp_paw|castep_c19": 0.167186813257516,
    "gpaw_paw|abinit_jth": 0.16751708895953163,
    "gpaw_paw|qe_sssp": 0.3278924531084155,
    "gpaw_paw|castep_c19": 0.24865656762940772,
    "abinit_jth|qe_sssp": 0.06685833627461947,
    "abinit_jth|castep_c19": 0.25952730515730266,
    "qe_sssp|castep_c19": 0.3393690176928681
  },
  "prereg": "prereg_acwf_delta_gauge.md @ ebf39e33"
}