{
  "R1": {
    "median_oos_reduction": 0.6891110350411296,
    "q25": 0.34848758894873955,
    "q75": 0.9245275321951882,
    "per_element_median": {
      "Ag": 0.8489787875084248,
      "Al": 0.6289292358953378,
      "Au": 0.8913815531603602,
      "Cr": 0.9318832454503712,
      "Cu": 0.7763272259150251,
      "Fe": 0.3434721854242523,
      "Mo": 0.4408510834020809,
      "Nb": 0.6794581103766819,
      "Ni": 0.3635337995222012,
      "Pb": 0.6562194522977509,
      "Pd": 0.6308263106085295,
      "Pt": 0.9671749559042526,
      "Ta": 0.9284057142297506,
      "V": 0.7541117292460818,
      "W": 0.44156670065713377
    }
  },
  "R2": {
    "screened": {
      "S_func": 0.3167085409750054,
      "S_arch": -0.09279453630605383
    },
    "screened_all_elements": {
      "S_func": 0.20694998122187358,
      "S_arch": 0.00836904439511793
    },
    "UNSCREENED": {
      "S_func": 0.30672287668772086,
      "S_arch": -0.08098462868824513
    },
    "UNSCREENED_all_elements": {
      "S_func": 0.17909974910413345,
      "S_arch": 0.01795468707225023
    }
  },
  "R3": {
    "original_3obs": {
      "S_table": 0.5262543497879377,
      "S_code": 0.2651544258295489
    },
    "no_B1": {
      "S_table": 0.6493542391095186,
      "S_code": 0.36835918615304164
    },
    "whitened_3obs": {
      "S_table": 0.5224816936959601,
      "S_code": 0.16310977531387025
    }
  }
}